cowboy,https://github.com/ninenines/cowboy,ninenines/cowboy,1460612,Erlang,master,false
phoenix,https://github.com/phoenixframework/phoenix,phoenixframework/phoenix,16072585,Elixir,master,false
mochiweb,https://github.com/mochi/mochiweb,mochi/mochiweb,680799,Erlang,master,false
gmail,https://github.com/craigp/elixir-gmail,craigp/elixir-gmail,31031732,Elixir,master,false
cowlib,https://github.com/ninenines/cowlib,ninenines/cowlib,12277452,Erlang,master,false
ex_doc,https://github.com/elixir-lang/ex_doc,elixir-lang/ex_doc,3642931,Elixir,master,false
decimal,https://github.com/ericmj/decimal,ericmj/decimal,14453572,Elixir,master,false
phoenix_html,https://github.com/phoenixframework/phoenix_html,phoenixframework/phoenix_html,34984923,Elixir,master,false
httpoison,https://github.com/edgurgel/httpoison,edgurgel/httpoison,12750103,Elixir,master,false
junit_formatter,https://github.com/victorolinasc/junit-formatter,victorolinasc/junit-formatter,30872249,Elixir,master,false
m2x_erlang,https://github.com/attm2x/m2x-erlang,attm2x/m2x-erlang,32420259,Erlang,master,false
credo,https://github.com/rrrene/credo,rrrene/credo,43247111,Elixir,master,false
http_proxy,https://github.com/KazuCocoa/http_proxy,KazuCocoa/http_proxy,45341166,Elixir,master,false
oauth2,https://github.com/scrogson/oauth2,scrogson/oauth2,20585853,Elixir,master,false
benchfella,https://github.com/alco/benchfella,alco/benchfella,21678410,Elixir,master,false
poison,https://github.com/devinus/poison,devinus/poison,18501766,Elixir,master,false
rebar3_protobuffs,https://github.com/benoitc/rebar3_protobuffs,benoitc/rebar3_protobuffs,47473358,Erlang,master,false
ecto,https://github.com/elixir-lang/ecto,elixir-lang/ecto,10649374,Elixir,master,false
html_sanitize_ex,https://github.com/rrrene/html_sanitize_ex,rrrene/html_sanitize_ex,38577119,Elixir,master,false
tzdata,https://github.com/lau/tzdata,lau/tzdata,31351789,Elixir,master,false
count_buffer,https://github.com/camshaft/count_buffer,camshaft/count_buffer,37178804,Elixir,master,false
motor_hat,https://github.com/matthewphilyaw/motor_hat,matthewphilyaw/motor_hat,46639971,Elixir,master,false
mt940,https://github.com/my-flow/mt940,my-flow/mt940,35003704,Elixir,master,false
combine,https://github.com/bitwalker/combine,bitwalker/combine,39546321,Elixir,master,false
kwfuns,https://github.com/RobertDober/lab42_defkw,RobertDober/lab42_defkw,47359396,Elixir,master,false
edeliver,https://github.com/boldpoker/edeliver,boldpoker/edeliver,10550954,Shell,master,true
sentry,https://github.com/imranismail/sentry,imranismail/sentry,46968520,Elixir,develop,false
hackney,https://github.com/benoitc/hackney,benoitc/hackney,4864481,Erlang,master,false
ssl_verify_hostname,https://github.com/deadtrickster/ssl_verify_hostname.erl,deadtrickster/ssl_verify_hostname.erl,24985026,Erlang,master,false
poolboy,https://github.com/devinus/poolboy,devinus/poolboy,1046213,Erlang,master,false
phoenix_live_reload,https://github.com/phoenixframework/phoenix_live_reload,phoenixframework/phoenix_live_reload,32775082,Elixir,master,false
crc,https://github.com/TattdCodeMonkey/crc,TattdCodeMonkey/crc,46834318,Elixir,master,false
plug,https://github.com/elixir-lang/plug,elixir-lang/plug,14421569,Elixir,master,false
phoenix_html_sanitizer,https://github.com/elixirstatus/phoenix_html_sanitizer,elixirstatus/phoenix_html_sanitizer,40008522,Elixir,master,false
graphql,https://github.com/joshprice/graphql-elixir,joshprice/graphql-elixir,41307741,Elixir,master,false
chaos_spawn,https://github.com/meadsteve/chaos-spawn,meadsteve/chaos-spawn,43354818,Elixir,master,false
phoenix_ecto,https://github.com/phoenixframework/phoenix_ecto,phoenixframework/phoenix_ecto,31778950,Elixir,master,false
recaptcha,https://github.com/JustMikey/recaptcha,JustMikey/recaptcha,41432019,Elixir,master,false
ueberauth_identity,https://github.com/ueberauth/ueberauth_identity,ueberauth/ueberauth_identity,45856940,Elixir,master,false
lru,https://github.com/barrel-db/erlang-lru,barrel-db/erlang-lru,43551275,Erlang,master,false
calendar,https://github.com/lau/calendar,lau/calendar,24828488,Elixir,master,false
ets_map,https://github.com/antipax/ets_map,antipax/ets_map,46999017,Elixir,master,false
ranch,https://github.com/ninenines/ranch,ninenines/ranch,3944995,Erlang,master,false
mazurka,https://github.com/mazurka/mazurka,mazurka/mazurka,13688738,Elixir,master,false
joken,https://github.com/bryanjos/joken,bryanjos/joken,24107016,Elixir,master,false
mariaex,https://github.com/xerions/mariaex,xerions/mariaex,27739217,Elixir,master,false
lru_cache,https://github.com/arago/lru_cache,arago/lru_cache,45623775,Elixir,master,false
butler_tableflip,https://github.com/keathley/butler_tableflip,keathley/butler_tableflip,47427737,Elixir,master,false
mandrake,https://github.com/mbasso/mandrake,mbasso/mandrake,47152817,Elixir,master,false
ueberauth_twitter,https://github.com/ueberauth/ueberauth_twitter,ueberauth/ueberauth_twitter,46392945,Elixir,master,false
butler_cage,https://github.com/keathley/butler_cage,keathley/butler_cage,47426375,Elixir,master,false
fs,https://github.com/synrc/fs,synrc/fs,19650722,C,master,false
butler,https://github.com/keathley/butler,keathley/butler,39537725,Elixir,master,false
worker_pool,https://github.com/inaka/worker_pool,inaka/worker_pool,5591660,Erlang,master,true
relx,https://github.com/erlware/relx,erlware/relx,9900098,Erlang,master,false
earmark,https://github.com/pragdave/earmark,pragdave/earmark,21512093,Elixir,master,false
idna,https://github.com/benoitc/erlang-idna,benoitc/erlang-idna,17340338,Erlang,master,true
elixir_freshbooks,https://github.com/marcelog/elixir_freshbooks,marcelog/elixir_freshbooks,45251225,Elixir,master,false
ecto_gettext,https://github.com/exbugs-elixir/ecto_gettext,exbugs-elixir/ecto_gettext,47071110,Elixir,master,false
scrivener,https://github.com/drewolson/scrivener,drewolson/scrivener,30420270,Elixir,master,false
butler_cowsay,https://github.com/bbrock25/butler_cowsay,bbrock25/butler_cowsay,43637615,Elixir,master,false
plug_graphql,https://github.com/joshprice/plug_graphql,joshprice/plug_graphql,46525290,Elixir,master,false
secure_password,https://github.com/tuvistavie/ecto-secure-password,tuvistavie/ecto-secure-password,47299270,Elixir,master,false
riemann,https://github.com/koudelka/elixir-riemann,koudelka/elixir-riemann,34589043,Elixir,master,false
guardian_db,https://github.com/hassox/guardian_db,hassox/guardian_db,41658942,Elixir,master,false
xml_builder,https://github.com/joshnuss/xml_builder,joshnuss/xml_builder,21907634,Elixir,master,false
ueberauth_github,https://github.com/ueberauth/ueberauth_github,ueberauth/ueberauth_github,46233091,Elixir,master,false
frank,https://github.com/triptec/frank,triptec/frank,46741170,Elixir,master,false
exrm,https://github.com/bitwalker/exrm,bitwalker/exrm,17639457,Elixir,master,false
ueberauth_google,https://github.com/ueberauth/ueberauth_google,ueberauth/ueberauth_google,46315179,Elixir,master,false
mongo,https://github.com/checkiz/elixir-mongo,checkiz/elixir-mongo,16183059,Elixir,master,false
p1_utils,https://github.com/processone/p1_utils,processone/p1_utils,21934880,Erlang,master,false
exdjango,https://github.com/nicksanders/exdjango,nicksanders/exdjango,39973486,Elixir,master,false
twittex,https://github.com/almightycouch/twittex,almightycouch/twittex,46086320,Elixir,master,false
mailer,https://github.com/antp/mailer,antp/mailer,28313379,Elixir,master,false
plug_basic_auth,https://github.com/rbishop/plug_basic_auth,rbishop/plug_basic_auth,22455133,Elixir,master,false
exec,https://github.com/saleyn/erlexec,saleyn/erlexec,6003489,C++,master,false
quantum,https://github.com/c-rack/quantum-elixir,c-rack/quantum-elixir,34663848,Elixir,master,false
redix,https://github.com/whatyouhide/redix,whatyouhide/redix,40570904,Elixir,master,false
synthex,https://github.com/bitgamma/synthex,bitgamma/synthex,47494081,Elixir,master,false
ex_iss,https://github.com/cryptobird/ex_iss,cryptobird/ex_iss,47462409,Elixir,master,false
jwalk,https://github.com/jr0senblum/jwalk,jr0senblum/jwalk,46581309,Erlang,master,false
croma,https://github.com/skirino/croma,skirino/croma,39894932,Elixir,master,false
timex,https://github.com/bitwalker/timex,bitwalker/timex,22305306,Elixir,master,false
ex_pool,https://github.com/jcabotc/ex_pool,jcabotc/ex_pool,46969357,Elixir,master,false
phst_transform,https://github.com/philosophers-stone/transform,philosophers-stone/transform,46740193,Elixir,master,false
yuri,https://github.com/kemonomachi/yuri,kemonomachi/yuri,30460081,Elixir,master,false
zanox,https://github.com/rafaelss/zanox,rafaelss/zanox,47556071,Elixir,master,false
mimerl,https://github.com/benoitc/mimerl,benoitc/mimerl,35048910,Erlang,master,false
guardian,https://github.com/ueberauth/guardian,ueberauth/guardian,37552628,Elixir,master,false
ex_aws,https://github.com/CargoSense/ex_aws,CargoSense/ex_aws,24062989,Elixir,master,false
json,https://github.com/cblage/elixir-json,cblage/elixir-json,11328616,Elixir,master,false
stockastic,https://github.com/shanewilton/stockastic,shanewilton/stockastic,47667954,Elixir,master,false
conform_exrm,https://github.com/bitwalker/conform_exrm,bitwalker/conform_exrm,47223109,Elixir,master,false
scrape,https://github.com/Anonyfox/elixir-scrape,Anonyfox/elixir-scrape,38260722,HTML,master,false
bencode,https://github.com/gausby/bencode,gausby/bencode,47453951,Elixir,master,false
opbeat,https://github.com/teodor-pripoae/opbeat,teodor-pripoae/opbeat,33455976,Elixir,master,false
isbndbex,https://github.com/rcoedo/isbndbex,rcoedo/isbndbex,46992251,Elixir,master,false
unit_fun,https://github.com/meadsteve/unit_fun,meadsteve/unit_fun,46915993,Elixir,master,false
openmaize,https://github.com/elixircnx/openmaize,elixircnx/openmaize,32203427,Elixir,master,false
range_extras,https://github.com/lnikkila/elixir-range-extras,lnikkila/elixir-range-extras,47519294,Elixir,master,false
ueberauth_facebook,https://github.com/ueberauth/ueberauth_facebook,ueberauth/ueberauth_facebook,46233919,Elixir,master,false
gimei,https://github.com/KazuCocoa/elixir-gimei,KazuCocoa/elixir-gimei,36979622,Elixir,master,false
db_connection,https://github.com/fishcakez/db_connection,fishcakez/db_connection,46829184,Elixir,master,false
stripity_stripe,https://github.com/robconery/stripity-stripe,robconery/stripity-stripe,43581088,Elixir,master,false
bloodhound,https://github.com/ianwalter/bloodhound,ianwalter/bloodhound,45698990,Elixir,master,false
postgrex,https://github.com/ericmj/postgrex,ericmj/postgrex,12682522,Elixir,master,false
inch_ex,https://github.com/rrrene/inch_ex,rrrene/inch_ex,23369624,Elixir,master,false
elixir_script,https://github.com/bryanjos/elixirscript,bryanjos/elixirscript,30160313,JavaScript,master,false
hello_world,https://github.com/shanilevy/hello_world_hex,shanilevy/hello_world_hex,47254467,Elixir,master,false
exddb,https://github.com/muhmi/exddb,muhmi/exddb,31705619,Elixir,master,false
conform,https://github.com/bitwalker/conform,bitwalker/conform,19658570,Elixir,master,false
fireworks,https://github.com/mobileoverlord/fireworks,mobileoverlord/fireworks,44682483,Elixir,master,false
parallel,https://github.com/Anonyfox/parallel,Anonyfox/parallel,44592364,Elixir,master,false
jc,https://github.com/jr0senblum/jc,jr0senblum/jc,41772405,Erlang,master,false
maru_swagger,https://github.com/falood/maru_swagger,falood/maru_swagger,36653043,Elixir,master,false
ex_marshal,https://github.com/gaynetdinov/ex_marshal,gaynetdinov/ex_marshal,45642603,Elixir,master,false
geocalc,https://github.com/yltsrc/geocalc,yltsrc/geocalc,43765833,Elixir,master,false
tirexs,https://github.com/Zatvobor/tirexs,Zatvobor/tirexs,8202921,Elixir,master,false
exprotobuf,https://github.com/bitwalker/exprotobuf,bitwalker/exprotobuf,19507204,Elixir,master,false
medex,https://github.com/xerions/medex,xerions/medex,45040681,Elixir,master,false
fox,https://github.com/foxnewsnetwork/fox,foxnewsnetwork/fox,39660339,Elixir,master,false
calecto,https://github.com/lau/calecto,lau/calecto,31558623,Elixir,master,false
kaguya,https://github.com/Luminarys/Kaguya,Luminarys/Kaguya,47735444,Elixir,master,false
metrics,https://github.com/benoitc/erlang-metrics,benoitc/erlang-metrics,47516469,Erlang,master,false
mix_apidoc,https://github.com/sldab/mix_apidoc,sldab/mix_apidoc,48129897,Elixir,master,false
timex_ecto,https://github.com/bitwalker/timex_ecto,bitwalker/timex_ecto,38053610,Elixir,master,false
number,https://github.com/danielberkompas/number,danielberkompas/number,37161010,Elixir,master,false
erlzk,https://github.com/huaban/erlzk,huaban/erlzk,15471142,Erlang,master,false
p1_xml,https://github.com/processone/xml,processone/xml,9811182,Erlang,master,false
excheck,https://github.com/parroty/excheck,parroty/excheck,14304754,Elixir,master,false
uuid,https://github.com/zyro/elixir-uuid,zyro/elixir-uuid,20554728,Elixir,master,false
exfavicon,https://github.com/ikeikeikeike/exfavicon,ikeikeikeike/exfavicon,47498098,Elixir,master,false
gettext,https://github.com/elixir-lang/gettext,elixir-lang/gettext,31918746,Elixir,master,false
arc_ecto,https://github.com/stavro/arc_ecto,stavro/arc_ecto,37630974,Elixir,master,false
bouncer,https://github.com/ianwalter/bouncer,ianwalter/bouncer,44213117,Elixir,master,false
fast_yaml,https://github.com/processone/fast_yaml,processone/fast_yaml,47834938,Erlang,master,false
base16,https://github.com/goj/base16,goj/base16,3399372,Erlang,master,false
comeonin,https://github.com/elixircnx/comeonin,elixircnx/comeonin,28223437,Elixir,master,false
simplex,https://github.com/adamkittelson/simplex,adamkittelson/simplex,23742996,Elixir,master,false
exq,https://github.com/akira/exq,akira/exq,11782994,Elixir,master,false
maybe,https://github.com/zweifisch/maybe,zweifisch/maybe,48108817,Elixir,master,false
ex_rated,https://github.com/grempe/ex_rated,grempe/ex_rated,23049155,Elixir,master,false
e_queue,https://github.com/benfalk/e_queue,benfalk/e_queue,47905335,Elixir,master,false
mazurka_mediatype_hyperjson,https://github.com/mazurka/mazurka_mediatype_hyperjson,mazurka/mazurka_mediatype_hyperjson,14817000,Elixir,master,false
omise,https://github.com/teerawat1992/omise,teerawat1992/omise,44013163,Elixir,master,false
logger_logentries_backend,https://github.com/sysdia-solutions/logger_logentries_backend,sysdia-solutions/logger_logentries_backend,48273142,Elixir,master,false
verk,https://github.com/edgurgel/verk,edgurgel/verk,41664621,Elixir,master,false
vimeo,https://github.com/seshook/vimeo.ex,seshook/vimeo.ex,43851400,Elixir,master,false
fn,https://github.com/artemeff/fn,artemeff/fn,33885946,Erlang,master,false
hlc,https://github.com/barrel-db/hlc,barrel-db/hlc,26643821,Erlang,master,false
bing_translator,https://github.com/ikeikeikeike/bing_translator,ikeikeikeike/bing_translator,45528957,Elixir,master,false
table,https://github.com/zweifisch/table,zweifisch/table,47858607,Elixir,master,false
imgex,https://github.com/ianwalter/imgex,ianwalter/imgex,47834342,Elixir,master,false
romeo,https://github.com/scrogson/romeo,scrogson/romeo,46234958,Elixir,master,false
arc,https://github.com/stavro/arc,stavro/arc,36914552,Elixir,master,false
exq_ui,https://github.com/akira/exq,akira/exq,11782994,Elixir,master,false
erlexec,https://github.com/saleyn/erlexec,saleyn/erlexec,6003489,C++,master,false
openstack,https://github.com/zweifisch/openstack.ex,zweifisch/openstack.ex,47904881,Elixir,master,false
phoenix_pubsub_redis,https://github.com/phoenixframework/phoenix_pubsub_redis,phoenixframework/phoenix_pubsub_redis,35987648,Elixir,master,false
zipper,https://github.com/inaka/zipper,inaka/zipper,23714353,Erlang,master,false
scrivener_html,https://github.com/mgwidmann/scrivener_html,mgwidmann/scrivener_html,40944209,Elixir,master,false
reprise,https://github.com/herenowcoder/reprise,herenowcoder/reprise,21693623,Elixir,master,false
expool,https://github.com/zackehh/expool,zackehh/expool,48300316,Elixir,master,false
exvcr,https://github.com/parroty/exvcr,parroty/exvcr,13218759,Elixir,master,false
json_logger,https://github.com/LeeroyDing/json_logger,LeeroyDing/json_logger,35272976,Elixir,master,false
dealer,https://github.com/larrylv/dealer,larrylv/dealer,47980113,Elixir,master,false
jwt_claims,https://github.com/garyf/jwt_claims_ex,garyf/jwt_claims_ex,41224431,Elixir,master,false
ex_machina,https://github.com/thoughtbot/ex_machina,thoughtbot/ex_machina,42458047,Elixir,master,false
plugs,https://github.com/sugar-framework/plugs,sugar-framework/plugs,16677461,Elixir,master,false
graphql_parser,https://github.com/aarvay/graphql_parser,aarvay/graphql_parser,44303880,Elixir,master,false
fifo_utils,https://github.com/project-fifo/fifo_utils,project-fifo/fifo_utils,19380675,Erlang,master,false
fixby,https://github.com/CoderDennis/fixby-elixir,CoderDennis/fixby-elixir,48285545,Elixir,master,false
monetized,https://github.com/theocodes/monetized,theocodes/monetized,48300503,Elixir,master,false
hedwig,https://github.com/hedwig-im/hedwig,hedwig-im/hedwig,18281521,Elixir,master,false
json_web_token,https://github.com/garyf/json_web_token_ex,garyf/json_web_token_ex,39765614,Elixir,master,false
ex_twiml,https://github.com/danielberkompas/ex_twiml,danielberkompas/ex_twiml,31938092,Elixir,master,false
cloak,https://github.com/danielberkompas/cloak,danielberkompas/cloak,42597632,Elixir,master,false
cowgirl,https://github.com/larrylv/cowgirl,larrylv/cowgirl,47880117,Elixir,master,false
mongodb,https://github.com/ericmj/mongodb,ericmj/mongodb,25846077,Elixir,master,false
xfighter,https://github.com/bitchef/xfighter,bitchef/xfighter,48230378,Elixir,master,false
blocking_queue,https://github.com/joekain/BlockingQueue,joekain/BlockingQueue,37387062,Elixir,master,false
unsplash,https://github.com/waynehoover/unsplash-elixir,waynehoover/unsplash-elixir,46264156,Elixir,master,false
not_qwerty123,https://github.com/riverrun/notqwerty123,riverrun/notqwerty123,48143602,Elixir,master,false
reporter,https://github.com/KazuCocoa/simple_app_reporter_ex,KazuCocoa/simple_app_reporter_ex,37666569,HTML,master,false
cqex,https://github.com/matehat/cqex,matehat/cqex,48305391,Elixir,master,false
keys1value,https://github.com/okeuday/keys1value,okeuday/keys1value,22927611,Erlang,master,false
key2value,https://github.com/okeuday/key2value,okeuday/key2value,9860072,Erlang,master,false
erlang_term,https://github.com/okeuday/erlang_term,okeuday/erlang_term,24510276,Erlang,master,false
pqueue,https://github.com/okeuday/pqueue,okeuday/pqueue,2739018,Erlang,master,false
reltool_util,https://github.com/okeuday/reltool_util,okeuday/reltool_util,9633259,Erlang,master,false
nodefinder,https://github.com/okeuday/nodefinder,okeuday/nodefinder,4939306,Erlang,master,true
supool,https://github.com/okeuday/supool,okeuday/supool,40055120,Erlang,master,false
varpool,https://github.com/okeuday/varpool,okeuday/varpool,33762821,Erlang,master,false
cpg,https://github.com/okeuday/cpg,okeuday/cpg,4998751,Erlang,master,false
tqdm,https://github.com/antipax/tqdm_elixir,antipax/tqdm_elixir,48503615,Elixir,master,false
extwitter,https://github.com/parroty/extwitter,parroty/extwitter,17444436,Elixir,master,false
readme_md_doc,https://github.com/jisaacstone/readme_md_docgen,jisaacstone/readme_md_docgen,48474735,Elixir,master,false
fintex,https://github.com/my-flow/fintex,my-flow/fintex,39919111,Elixir,master,false
statix,https://github.com/lexmag/statix,lexmag/statix,35518831,Elixir,master,false
peatio_client,https://github.com/peatio/peatio-client-elixir,peatio/peatio-client-elixir,46201796,Elixir,master,false
webdriver,https://github.com/stuart/elixir-webdriver,stuart/elixir-webdriver,11362212,Elixir,master,false
riboflavin,https://github.com/silentdragonz/riboflavin,silentdragonz/riboflavin,48397574,Elixir,master,false
cloudinaryex,https://github.com/micahwedemeyer/cloudinaryex,micahwedemeyer/cloudinaryex,48506039,Elixir,master,false
ex_chimp,https://github.com/twined/ex_chimp,twined/ex_chimp,48289193,Elixir,master,false
cloudi_core,https://github.com/CloudI/cloudi_core,CloudI/cloudi_core,13754877,Erlang,master,false
lilac,https://github.com/Stratus3D/lilac,Stratus3D/lilac,23519856,Elixir,master,false
plug_runtime,https://github.com/mje113/plug_runtime,mje113/plug_runtime,46047247,Elixir,master,false
hashids,https://github.com/alco/hashids-elixir,alco/hashids-elixir,21336006,Elixir,master,false
ja_serializer,https://github.com/AgilionApps/ja_serializer,AgilionApps/ja_serializer,37425270,Elixir,master,false
firmata,https://github.com/firmata/protocol,firmata/protocol,12468723,,master,false
service,https://github.com/CloudI/service,CloudI/service,14509594,Erlang,master,false
poker,https://github.com/wojtekmach/poker_elixir,wojtekmach/poker_elixir,48496508,Elixir,master,false
jsonapi,https://github.com/jeregrine/jsonapi,jeregrine/jsonapi,37813375,Elixir,master,false
cloudi_service_api_requests,https://github.com/CloudI/cloudi_service_api_requests,CloudI/cloudi_service_api_requests,13755061,Erlang,master,false
canary,https://github.com/cpjk/canary,cpjk/canary,34370594,Elixir,master,false
exns,https://github.com/walkr/exns,walkr/exns,40956513,Elixir,master,false
trie,https://github.com/okeuday/trie,okeuday/trie,1360941,Erlang,master,false
quickrand,https://github.com/okeuday/quickrand,okeuday/quickrand,8561308,Erlang,master,false
uuid_erl,https://github.com/okeuday/uuid,okeuday/uuid,1410587,Erlang,master,false
cloudi_service_db,https://github.com/CloudI/cloudi_service_db,CloudI/cloudi_service_db,13755708,Erlang,master,false
cloudi_service_db_cassandra_cql,https://github.com/CloudI/cloudi_service_db_cassandra_cql,CloudI/cloudi_service_db_cassandra_cql,20777372,Erlang,master,false
cloudi_service_db_couchdb,https://github.com/CloudI/cloudi_service_db_couchdb,CloudI/cloudi_service_db_couchdb,13756551,Erlang,master,false
cloudi_service_db_memcached,https://github.com/CloudI/cloudi_service_db_memcached,CloudI/cloudi_service_db_memcached,13757676,Erlang,master,false
cloudi_service_db_mysql,https://github.com/CloudI/cloudi_service_db_mysql,CloudI/cloudi_service_db_mysql,13757987,Erlang,master,false
cloudi_service_db_pgsql,https://github.com/CloudI/cloudi_service_db_pgsql,CloudI/cloudi_service_db_pgsql,13758123,Erlang,master,false
cloudi_service_http_cowboy,https://github.com/CloudI/cloudi_service_http_cowboy,CloudI/cloudi_service_http_cowboy,13762346,Erlang,master,false
cloudi_service_monitoring,https://github.com/CloudI/cloudi_service_monitoring,CloudI/cloudi_service_monitoring,48136086,Erlang,master,false
onetime,https://github.com/ryo33/onetime-elixir,ryo33/onetime-elixir,48516634,Elixir,master,false
cloudi_service_db_http_elli,https://github.com/CloudI/cloudi_service_http_elli,CloudI/cloudi_service_http_elli,13762405,Erlang,master,false
cloudi_service_http_rest,https://github.com/CloudI/cloudi_service_http_rest,CloudI/cloudi_service_http_rest,41896837,Erlang,master,false
cloudi_service_http_client,https://github.com/CloudI/cloudi_service_http_client,CloudI/cloudi_service_http_client,21831323,Erlang,master,false
cloudi_service_map_reduce,https://github.com/CloudI/cloudi_service_map_reduce,CloudI/cloudi_service_map_reduce,13762613,Erlang,master,false
cloudi_service_oauth1,https://github.com/CloudI/cloudi_service_oauth1,CloudI/cloudi_service_oauth1,18527163,Erlang,master,false
cloudi_service_queue,https://github.com/CloudI/cloudi_service_queue,CloudI/cloudi_service_queue,16996817,Erlang,master,false
cloudi_service_quorum,https://github.com/CloudI/cloudi_service_quorum,CloudI/cloudi_service_quorum,13762727,Erlang,master,false
cloudi_service_router,https://github.com/CloudI/cloudi_service_router,CloudI/cloudi_service_router,15891526,Erlang,master,false
cloudi_service_tcp,https://github.com/CloudI/cloudi_service_tcp,CloudI/cloudi_service_tcp,13763080,Erlang,master,false
cloudi_service_validate,https://github.com/CloudI/cloudi_service_validate,CloudI/cloudi_service_validate,30271767,Erlang,master,false
cloudi_service_udp,https://github.com/CloudI/cloudi_service_udp,CloudI/cloudi_service_udp,13763309,Erlang,master,false
cloudi_service_timers,https://github.com/CloudI/cloudi_service_timers,CloudI/cloudi_service_timers,13763247,Erlang,master,false
cloudi_service_zeromq,https://github.com/CloudI/cloudi_service_zeromq,CloudI/cloudi_service_zeromq,13763454,Erlang,master,false
eql,https://github.com/artemeff/eql,artemeff/eql,28971895,Erlang,master,false
pdf_generator,https://github.com/gutschilla/elixir-pdf-generator,gutschilla/elixir-pdf-generator,24497829,Elixir,master,false
exfile_memory,https://github.com/keichan34/exfile-memory,keichan34/exfile-memory,48341976,Elixir,master,false
serial,https://github.com/bitgamma/elixir_serial,bitgamma/elixir_serial,41592683,C,master,false
table_rex,https://github.com/djm/table_rex,djm/table_rex,47346984,Elixir,master,false
mix_test_watch,https://github.com/lpil/mix-test.watch,lpil/mix-test.watch,34422016,Elixir,master,false
flasked,https://github.com/asaaki/flasked,asaaki/flasked,48597130,Elixir,master,false
katana,https://github.com/inaka/erlang-katana,inaka/erlang-katana,22760152,Erlang,master,true
httpotion,https://github.com/myfreeweb/httpotion,myfreeweb/httpotion,5544923,Elixir,master,false
ecto_audit,https://github.com/mattweldon/ecto_audit,mattweldon/ecto_audit,48661410,Elixir,master,false
liquid,https://github.com/nulian/liquid-elixir,nulian/liquid-elixir,45281864,Elixir,master,true
erl2ex,https://github.com/dazuma/erl2ex,dazuma/erl2ex,47171761,Elixir,master,false
filtrex,https://github.com/rcdilorenzo/filtrex,rcdilorenzo/filtrex,48511144,Elixir,master,false
conferl,https://github.com/inaka/conferl,inaka/conferl,33495735,Erlang,master,false
huex,https://github.com/xavier/huex,xavier/huex,26993889,Elixir,master,false
statistics,https://github.com/msharp/elixir-statistics,msharp/elixir-statistics,13579815,Elixir,master,false
rethinkdb,https://github.com/hamiltop/rethinkdb-elixir,hamiltop/rethinkdb-elixir,34266469,Elixir,master,false
marvin,https://github.com/willrax/marvin,willrax/marvin,48658821,Elixir,master,false
certifi,https://github.com/certifi/erlang-certifi,certifi/erlang-certifi,42244830,Erlang,master,false
meck,https://github.com/eproxus/meck,eproxus/meck,644426,Erlang,master,false
white_bread,https://github.com/meadsteve/white-bread,meadsteve/white-bread,31561675,Elixir,master,false
jsx,https://github.com/talentdeficit/jsx,talentdeficit/jsx,684090,Erlang,develop,false
absinthe,https://github.com/CargoSense/absinthe,CargoSense/absinthe,44419624,Elixir,master,false
coverex,https://github.com/alfert/coverex,alfert/coverex,19642139,JavaScript,master,false
plug_auth,https://github.com/bitgamma/plug_auth,bitgamma/plug_auth,28590254,Elixir,master,false
mynumber,https://github.com/cncgl/elixir_mynumber,cncgl/elixir_mynumber,48617724,Elixir,master,false
fuzzyurl,https://github.com/gamache/fuzzyurl.ex,gamache/fuzzyurl.ex,46191745,Elixir,master,false
instream,https://github.com/mneudert/instream,mneudert/instream,30618609,Elixir,master,false
rollbax,https://github.com/elixir-addicts/rollbax,elixir-addicts/rollbax,40178027,Elixir,master,false
sasl_ex,https://github.com/elbow-jason/sasl_ex,elbow-jason/sasl_ex,46198669,Elixir,master,false
exjsx,https://github.com/talentdeficit/exjsx,talentdeficit/exjsx,10352725,Elixir,master,false
hypermedia,https://github.com/jurriaan/hypermedia,jurriaan/hypermedia,48699281,Elixir,master,false
faker,https://github.com/igas/faker,igas/faker,18573162,Elixir,master,false
mdns_client_lib,https://github.com/Licenser/mdns_client_lib,Licenser/mdns_client_lib,5475077,Erlang,master,false
gravatarify,https://github.com/shiroyasha/gravatarify,shiroyasha/gravatarify,48706852,Elixir,master,false
phoenix_slime,https://github.com/slime-lang/phoenix_slime,slime-lang/phoenix_slime,40209457,Elixir,master,false
naughtygram,https://github.com/zensavona/naughtygram,zensavona/naughtygram,44866722,Elixir,master,false
ex_unit_fixtures,https://github.com/obmarg/ex_unit_fixtures,obmarg/ex_unit_fixtures,48513932,Elixir,master,false
dialyxir,https://github.com/jeremyjh/dialyxir,jeremyjh/dialyxir,10327316,Elixir,master,false
color_stream,https://github.com/code-lever/color-stream-elixir,code-lever/color-stream-elixir,48713070,Elixir,master,false
mixer,https://github.com/inaka/mixer,inaka/mixer,28238000,Erlang,master,true
tentacat,https://github.com/edgurgel/tentacat,edgurgel/tentacat,10680522,Elixir,master,false
luhnatex,https://github.com/my-flow/luhnatex,my-flow/luhnatex,44706586,Elixir,master,true
inaka_mixer,https://github.com/inaka/mixer,inaka/mixer,28238000,Erlang,master,true
dogma,https://github.com/lpil/dogma,lpil/dogma,37659054,Elixir,master,false
excoveralls,https://github.com/parroty/excoveralls,parroty/excoveralls,12595601,Elixir,master,false
roombex,https://github.com/mmmries/roombex,mmmries/roombex,36848924,Elixir,master,false
exfile,https://github.com/keichan34/exfile,keichan34/exfile,48341971,Elixir,master,false
exactor,https://github.com/sasa1977/exactor,sasa1977/exactor,7670698,Elixir,master,false
connection,https://github.com/fishcakez/connection,fishcakez/connection,35392495,Elixir,master,false
phoenix_token_auth,https://github.com/manukall/phoenix_token_auth,manukall/phoenix_token_auth,32013650,Elixir,master,false
absinthe_plug,https://github.com/CargoSense/absinthe_plug,CargoSense/absinthe_plug,48772965,Elixir,master,false
observer_cli,https://github.com/zhongwencool/observer_cli,zhongwencool/observer_cli,45471988,Erlang,master,false
ueberauth_fitbit,https://github.com/vinniefranco/ueberauth_fitbit,vinniefranco/ueberauth_fitbit,48414456,Elixir,master,false
cet,https://github.com/Cielo24/cet,Cielo24/cet,48777406,Erlang,master,false
bit_field_set,https://github.com/gausby/bit_field_set,gausby/bit_field_set,48753467,Elixir,master,false
bunt,https://github.com/rrrene/bunt,rrrene/bunt,45641422,Elixir,master,false
siphash,https://github.com/zackehh/siphash-elixir,zackehh/siphash-elixir,48388884,Elixir,master,false
colorize,https://github.com/shiroyasha/colorize,shiroyasha/colorize,48765960,Elixir,master,false
exparticle,https://github.com/mtanzi/exparticle,mtanzi/exparticle,48792958,Elixir,master,false
font_awesome_phoenix,https://github.com/code-lever/font-awesome-phoenix,code-lever/font-awesome-phoenix,48813136,Elixir,master,false
typeformx,https://github.com/netflakes/TypeformX,netflakes/TypeformX,48770628,Elixir,master,false
xref_runner,https://github.com/inaka/xref_runner,inaka/xref_runner,30421608,Erlang,master,false
argument_parser,https://github.com/jisaacstone/ex_argument_parser,jisaacstone/ex_argument_parser,40698870,Elixir,master,false
isn,https://github.com/Frost/isn,Frost/isn,35122196,Elixir,master,false
tirerl,https://github.com/inaka/tirerl,inaka/tirerl,24995148,Erlang,master,false
logger_file_backend,https://github.com/onkel-dirtus/logger_file_backend,onkel-dirtus/logger_file_backend,22769168,Elixir,master,false
elvis,https://github.com/inaka/elvis_core,inaka/elvis_core,46725535,Erlang,master,false
backoff,https://github.com/ferd/backoff,ferd/backoff,12261318,Erlang,master,false
ex_parameterized,https://github.com/KazuCocoa/ex_parameterized,KazuCocoa/ex_parameterized,42186115,Elixir,master,false
battlenet,https://github.com/cazrin/battlenet,cazrin/battlenet,48859335,Elixir,master,false
m2x,https://github.com/attm2x/m2x-elixir,attm2x/m2x-elixir,32408342,Elixir,master,false
algae,https://github.com/robot-overlord/algae,robot-overlord/algae,46647095,Elixir,master,false
mdns_server_lib,https://github.com/Licenser/mdns_server_lib,Licenser/mdns_server_lib,5475085,Erlang,master,false
apns,https://github.com/chvanikoff/apns4ex,chvanikoff/apns4ex,42089133,Elixir,master,false
porcelain,https://github.com/alco/porcelain,alco/porcelain,11818087,Elixir,master,false
elixir_ale,https://github.com/fhunleth/elixir_ale,fhunleth/elixir_ale,18931840,C,master,false
botan,https://github.com/mendab1e/exBotan,mendab1e/exBotan,48874086,Elixir,master,false
shotgun,https://github.com/inaka/shotgun,inaka/shotgun,21953558,Erlang,master,false
parallel_stream,https://github.com/beatrichartz/parallel_stream,beatrichartz/parallel_stream,44451819,Elixir,master,false
progress_bar,https://github.com/henrik/progress_bar,henrik/progress_bar,42768940,Elixir,master,false
dublin_bus_api,https://github.com/carlo-colombo/dublin-bus-api,carlo-colombo/dublin-bus-api,41878428,HTML,master,false
fixme,https://github.com/henrik/fixme-elixir,henrik/fixme-elixir,41936937,Elixir,master,false
bbmustache,https://github.com/soranoba/bbmustache,soranoba/bbmustache,30922962,Erlang,master,false
plist,https://github.com/ciaran/plist,ciaran/plist,46351366,Elixir,master,false
slack,https://github.com/BlakeWilliams/Elixir-Slack,BlakeWilliams/Elixir-Slack,28551492,Elixir,master,false
exfile_b2,https://github.com/keichan34/exfile-b2,keichan34/exfile-b2,48936460,Elixir,master,false
elixir_exif,https://github.com/sschneider1207/ElixirExif,sschneider1207/ElixirExif,48927173,Elixir,master,false
temporary_env,https://github.com/lpil/temporary-env,lpil/temporary-env,44455934,Elixir,master,false
plug_session_memcached,https://github.com/gutschilla/plug-session-memcached,gutschilla/plug-session-memcached,28281060,Elixir,master,false
aws,https://github.com/jkakar/aws-elixir,jkakar/aws-elixir,35557442,Elixir,master,false
shouldi,https://github.com/batate/shouldi,batate/shouldi,25834026,Elixir,master,false
con_cache,https://github.com/sasa1977/con_cache,sasa1977/con_cache,9097144,Elixir,master,false
exkismet,https://github.com/cameronp/exkismet,cameronp/exkismet,48854444,Elixir,master,false
rapidax,https://github.com/victorlcampos/rapidax,victorlcampos/rapidax,48905958,Elixir,master,false
egithub,https://github.com/inaka/erlang-github,inaka/erlang-github,22843216,Erlang,master,false
couchdb_connector,https://github.com/locolupo/couchdb_connector,locolupo/couchdb_connector,48422894,Elixir,master,false
rebar3_proper,https://github.com/ferd/rebar3_proper,ferd/rebar3_proper,44353375,Erlang,master,false
nile,https://github.com/camshaft/nile,camshaft/nile,45152901,Elixir,master,false
holidays,https://github.com/CoderDennis/holidays,CoderDennis/holidays,48728828,Elixir,master,false
quark,https://github.com/robot-overlord/quark,robot-overlord/quark,48834998,Elixir,master,false
escalus,https://github.com/esl/escalus,esl/escalus,1934832,Erlang,master,false
ex_json_schema,https://github.com/jonasschmidt/ex_json_schema,jonasschmidt/ex_json_schema,36134727,Elixir,master,false
csv,https://github.com/beatrichartz/csv,beatrichartz/csv,31433548,Elixir,master,false
estree,https://github.com/bryanjos/elixir-estree,bryanjos/elixir-estree,30938278,Elixir,master,false
maru,https://github.com/falood/maru,falood/maru,28659137,Elixir,master,false
module_mocker,https://github.com/rohanpujaris/module_mocker,rohanpujaris/module_mocker,48950371,Elixir,master,false
cmark,https://github.com/asaaki/cmark.ex,asaaki/cmark.ex,25280136,C,master,false
ex_cloudinary,https://github.com/sschneider1207/ExCloudinary,sschneider1207/ExCloudinary,48968886,Elixir,master,false
workex,https://github.com/sasa1977/workex,sasa1977/workex,8309506,Elixir,master,false
exfswatch,https://github.com/falood/exfswatch,falood/exfswatch,25974127,Elixir,master,false
plug_accesslog,https://github.com/mneudert/plug_accesslog,mneudert/plug_accesslog,29058427,Elixir,master,false
plug_media_type_router,https://github.com/cazrin/plug_media_type_router,cazrin/plug_media_type_router,49029251,Elixir,master,false
hex_searcher,https://github.com/nguyenvinhlinh/HexSearcher,nguyenvinhlinh/HexSearcher,48884960,Elixir,master,false
stockfighter,https://github.com/lerencao/stockfighter,lerencao/stockfighter,49132513,Elixir,master,false
wykop_api,https://github.com/remiq/wykop_api_elixir,remiq/wykop_api_elixir,44691496,Elixir,master,false
feedistiller,https://github.com/sdanzan/feedistiller,sdanzan/feedistiller,43647120,Elixir,master,false
trails,https://github.com/inaka/cowboy-trails,inaka/cowboy-trails,37991203,Erlang,master,false
exfuck,https://github.com/shiroyasha/exfuck,shiroyasha/exfuck,48953015,Elixir,master,false
insert_ordered_set,https://github.com/localshred/insert_ordered_set,localshred/insert_ordered_set,49164471,Elixir,master,false
harvest,https://github.com/luishurtado/harvest,luishurtado/harvest,42543903,Elixir,master,false
inaka_aleppo,https://github.com/inaka/aleppo,inaka/aleppo,21910491,Erlang,master,true
cth_readable,https://github.com/ferd/cth_readable,ferd/cth_readable,40308522,Erlang,master,false
qiniu,https://github.com/tony612/qiniu,tony612/qiniu,33135328,Elixir,master,false
revision_plate_ex,https://github.com/KazuCocoa/revision_plate_ex,KazuCocoa/revision_plate_ex,49138998,Elixir,master,false
etude,https://github.com/camshaft/etude,camshaft/etude,34237728,Elixir,master,false
pc,https://github.com/blt/port_compiler,blt/port_compiler,33048493,Erlang,master,false
esync,https://github.com/GrahamGoudeau21/ElixirSync,GrahamGoudeau21/ElixirSync,49229488,Elixir,master,false
plug_canonical_host,https://github.com/remiprev/plug_canonical_host,remiprev/plug_canonical_host,49435065,Elixir,master,false
misc_random,https://github.com/gutschilla/elixir-helper-random,gutschilla/elixir-helper-random,24498038,Elixir,master,false
braise,https://github.com/patricksrobertson/secure_random.ex,patricksrobertson/secure_random.ex,29679618,Elixir,master,false
cowboy_swagger,https://github.com/inaka/cowboy-swagger,inaka/cowboy-swagger,38496998,JavaScript,master,false
amnesia,https://github.com/meh/amnesia,meh/amnesia,9281307,Elixir,master,false
exquisite,https://github.com/meh/exquisite,meh/exquisite,9525655,Elixir,master,false
assert_diff,https://github.com/ske77/assert_diff,ske77/assert_diff,49481461,Elixir,master,false
slugger,https://github.com/h4cc/slugger,h4cc/slugger,29819448,Elixir,master,false
hedwig_xmpp,https://github.com/hedwig-im/hedwig,hedwig-im/hedwig,18281521,Elixir,master,false
yomel,https://github.com/Joe-noh/yomel,Joe-noh/yomel,34189486,Elixir,master,false
trackline,https://github.com/andrewhao/trackline,andrewhao/trackline,49252698,Elixir,master,false
exsync,https://github.com/falood/exsync,falood/exsync,26104560,Elixir,master,false
dnsimple,https://github.com/weppos/dnsimple-elixir,weppos/dnsimple-elixir,44564329,Elixir,master,false
apex,https://github.com/bjro/apex,bjro/apex,16032667,Elixir,master,false
strftimerl,https://github.com/gmr/strftimerl,gmr/strftimerl,40914440,Erlang,master,false
exnumerator,https://github.com/KamilLelonek/exnumerator,KamilLelonek/exnumerator,43909284,Elixir,master,false
url_unroller,https://github.com/semanticart/url_unroller,semanticart/url_unroller,28893932,Elixir,master,false
msgpack,https://github.com/msgpack/msgpack-erlang,msgpack/msgpack-erlang,2272904,Erlang,master,false
dialyze,https://github.com/fishcakez/dialyze,fishcakez/dialyze,21751068,Elixir,master,false
neotoma,https://github.com/seancribbs/neotoma,seancribbs/neotoma,224089,Erlang,master,false
guri,https://github.com/elvio/guri,elvio/guri,49218060,Elixir,master,false
codepagex,https://github.com/tallakt/codepagex,tallakt/codepagex,40264277,Elixir,master,false
eredis_cluster,https://github.com/adrienmo/eredis_cluster,adrienmo/eredis_cluster,36058085,Erlang,master,false
painstaking,https://github.com/mwmiller/painstaking,mwmiller/painstaking,49291201,Elixir,master,false
providers,https://github.com/tsloughter/providers,tsloughter/providers,24727210,Erlang,master,false
expinboard,https://github.com/thilko/expinboard,thilko/expinboard,49385117,Elixir,master,false
plug_heartbeat,https://github.com/whatyouhide/plug_heartbeat,whatyouhide/plug_heartbeat,30313818,Elixir,master,false
spreedly,https://github.com/duff/spreedly-elixir,duff/spreedly-elixir,43295534,Elixir,master,false
jiffy,https://github.com/davisp/jiffy,davisp/jiffy,1564769,Erlang,master,false
exoddic,https://github.com/mwmiller/exoddic,mwmiller/exoddic,49264600,Elixir,master,false
signaturex,https://github.com/edgurgel/signaturex,edgurgel/signaturex,19173829,Elixir,master,false
rop,https://github.com/ruby2elixir/rop,ruby2elixir/rop,49361782,Elixir,master,false
pusher,https://github.com/edgurgel/pusher,edgurgel/pusher,11939071,Elixir,master,false
execjs,https://github.com/devinus/execjs,devinus/execjs,14052231,Elixir,master,false
access_token_extractor,https://github.com/rohanpujaris/access_token_extractor,rohanpujaris/access_token_extractor,48956830,Elixir,master,false
google_auth,https://github.com/rohanpujaris/google_auth,rohanpujaris/google_auth,49388877,Elixir,master,false
lasse,https://github.com/inaka/lasse,inaka/lasse,20452255,Erlang,master,false
hexer,https://github.com/inaka/hexer,inaka/hexer,47405002,Erlang,master,false
feeder_ex,https://github.com/michaelnisi/feeder,michaelnisi/feeder,14310082,Erlang,master,false
simple_secrets,https://github.com/camshaft/simple_secrets_ex,camshaft/simple_secrets_ex,49465973,Elixir,master,false
sh,https://github.com/devinus/sh,devinus/sh,17094504,Elixir,master,false
exsentry,https://github.com/appcues/exsentry,appcues/exsentry,48808656,Elixir,master,false
feeder,https://github.com/michaelnisi/feeder,michaelnisi/feeder,14310082,Erlang,master,false
cesso,https://github.com/meh/cesso,meh/cesso,14772379,Elixir,master,false
polyvox_id3,https://github.com/polyvox/polyvox_id3,polyvox/polyvox_id3,44016914,Elixir,develop,false
inflex,https://github.com/nurugger07/inflex,nurugger07/inflex,15055271,Elixir,master,false
floki,https://github.com/philss/floki,philss/floki,26092799,Elixir,master,false
calliope,https://github.com/nurugger07/calliope,nurugger07/calliope,13075238,Elixir,master,false
witchcraft,https://github.com/robot-overlord/witchcraft,robot-overlord/witchcraft,43778196,Elixir,master,false
getopt,https://github.com/jcomellas/getopt,jcomellas/getopt,328917,Erlang,master,false
csvlixir,https://github.com/jimm/csvlixir,jimm/csvlixir,14729452,Elixir,master,false
ex_csv,https://github.com/CargoSense/ex_csv,CargoSense/ex_csv,24176578,Elixir,master,false
erlware_commons,https://github.com/erlware/erlware_commons,erlware/erlware_commons,1447010,Erlang,master,false
espec,https://github.com/antonmi/espec,antonmi/espec,32404260,Elixir,master,false
socket,https://github.com/meh/elixir-socket,meh/elixir-socket,9871372,Elixir,master,false
gproc,https://github.com/uwiger/gproc,uwiger/gproc,512939,Erlang,master,false
exredis,https://github.com/artemeff/exredis,artemeff/exredis,11400514,Elixir,master,false
mex,https://github.com/mrluc/mex,mrluc/mex,43110157,Elixir,master,false
mailgun,https://github.com/chrismccord/mailgun,chrismccord/mailgun,24664370,Elixir,master,false
cowsay,https://github.com/bbrock25/cowsay,bbrock25/cowsay,42744001,Elixir,master,false
secure_random,https://github.com/patricksrobertson/secure_random.ex,patricksrobertson/secure_random.ex,29679618,Elixir,master,false
pavlov,https://github.com/sproutapp/pavlov,sproutapp/pavlov,27221358,Elixir,master,false
exmerl,https://github.com/pwoolcoc/exmerl,pwoolcoc/exmerl,19755481,Elixir,master,false
base62,https://github.com/igas/base62,igas/base62,31490033,Elixir,master,false
redo,https://github.com/heroku/redo,heroku/redo,17851547,Erlang,master,true
mixunit,https://github.com/talentdeficit/mixunit,talentdeficit/mixunit,28017378,Elixir,master,false
sidejob,https://github.com/basho/sidejob,basho/sidejob,9847523,Erlang,develop,false
custom_base,https://github.com/igas/custom_base,igas/custom_base,31801005,Elixir,master,false
eredis,https://github.com/wooga/eredis,wooga/eredis,1586693,Erlang,master,false
pact,https://github.com/BlakeWilliams/pact,BlakeWilliams/pact,28836987,Elixir,master,false
power_assert,https://github.com/ma2gedev/power_assert_ex,ma2gedev/power_assert_ex,43438784,Elixir,master,false
dotenv,https://github.com/avdi/dotenv_elixir,avdi/dotenv_elixir,14900952,Elixir,master,false
envy,https://github.com/BlakeWilliams/envy,BlakeWilliams/envy,45284120,Elixir,master,false
amqp,https://github.com/pma/amqp,pma/amqp,22290867,Elixir,master,false
oauther,https://github.com/lexmag/oauther,lexmag/oauther,21477686,Elixir,master,false
mogrify,https://github.com/route/mogrify,route/mogrify,24640969,Elixir,master,false
amqp_client,https://github.com/jbrisbin/amqp_client,jbrisbin/amqp_client,1271508,Erlang,master,false
rabbit_common,https://github.com/jbrisbin/rabbit_common,jbrisbin/rabbit_common,1271513,Erlang,master,false
jazz,https://github.com/meh/jazz,meh/jazz,11396633,Elixir,master,false
msgpax,https://github.com/lexmag/msgpax,lexmag/msgpax,12686119,Elixir,master,false
ibrowse,https://github.com/cmullaparthi/ibrowse,cmullaparthi/ibrowse,231268,Erlang,master,false
mock,https://github.com/jjh42/mock,jjh42/mock,10578183,Elixir,master,false
meld,https://github.com/conflate/meld,conflate/meld,48487541,Elixir,master,false
p1_stun,https://github.com/processone/stun,processone/stun,9215418,Erlang,master,false
exldap,https://github.com/jmerriweather/exldap,jmerriweather/exldap,45881191,Elixir,master,false
slackex,https://github.com/davidstump/slackex,davidstump/slackex,49475753,Elixir,master,false
ueberauth,https://github.com/ueberauth/ueberauth,ueberauth/ueberauth,25178958,Elixir,master,false
bypass,https://github.com/pspdfkit-labs/bypass,pspdfkit-labs/bypass,42600815,Elixir,master,false
tanuki,https://github.com/ZJvandeWeg/Tanuki,ZJvandeWeg/Tanuki,49574772,Elixir,master,false
vex,https://github.com/CargoSense/vex,CargoSense/vex,24128437,Elixir,master,false
canada,https://github.com/jarednorman/canada,jarednorman/canada,23291684,Elixir,master,false
stopwatch,https://github.com/matteosister/stopwatch,matteosister/stopwatch,49532815,Elixir,master,false
paginex,https://github.com/bhserna/paginex,bhserna/paginex,49550480,Elixir,master,false
calendar_translations,https://github.com/padde/calendar_translations,padde/calendar_translations,45714883,Elixir,master,false
plumber_girl,https://github.com/ruby2elixir/plumber_girl,ruby2elixir/plumber_girl,49520321,Elixir,master,false
sweet_xml,https://github.com/awetzel/sweet_xml,awetzel/sweet_xml,22191596,Elixir,master,false
ex_spec,https://github.com/drewolson/ex_spec,drewolson/ex_spec,22291888,Elixir,master,false
base64url,https://github.com/dvv/base64url,dvv/base64url,9389312,Erlang,master,false
bson,https://github.com/checkiz/elixir-bson,checkiz/elixir-bson,16181165,Elixir,master,false
sbroker,https://github.com/fishcakez/sbroker,fishcakez/sbroker,27726065,Erlang,master,false
lhttpc,https://github.com/talko/lhttpc,talko/lhttpc,19957373,Erlang,master,true
jose,https://github.com/potatosalad/erlang-jose,potatosalad/erlang-jose,39801338,Erlang,master,false
fast_tls,https://github.com/processone/fast_tls,processone/fast_tls,47977480,C,master,false
stun,https://github.com/processone/stun,processone/stun,9215418,Erlang,master,false
elibphonenumber,https://github.com/johnhamelink/elibphonenumber,johnhamelink/elibphonenumber,49448196,Erlang,master,true
exmoji,https://github.com/mroth/exmoji,mroth/exmoji,23435978,Elixir,master,false
elixir_nsq,https://github.com/wistia/elixir_nsq,wistia/elixir_nsq,46298349,Elixir,master,false
nio_google_geocoder,https://github.com/maxneuvians/nio_google_geocoder,maxneuvians/nio_google_geocoder,49664424,Elixir,master,false
nio_google_authenticator,https://github.com/maxneuvians/nio_google_authenticator,maxneuvians/nio_google_authenticator,49229947,Elixir,master,false
pigeon,https://github.com/codedge-llc/pigeon,codedge-llc/pigeon,41986431,Elixir,master,false
romanex,https://github.com/itsgreggreg/romanex,itsgreggreg/romanex,49676574,Elixir,master,false
recon_ex,https://github.com/tatsuya6502/recon_ex,tatsuya6502/recon_ex,48597312,Elixir,master,false
ok_jose,https://github.com/vic/ok_jose,vic/ok_jose,48339456,Elixir,master,false
example_files,https://github.com/njonsson/example_files,njonsson/example_files,49694113,Elixir,master,false
shove,https://github.com/bratsche/shove,bratsche/shove,48601303,Elixir,master,false
combination,https://github.com/seantanly/elixir-combination,seantanly/elixir-combination,49700678,Elixir,master,false
fulcrum,https://github.com/pinx/fulcrum,pinx/fulcrum,49445792,Elixir,master,false
mongodb_ecto,https://github.com/michalmuskala/mongodb_ecto,michalmuskala/mongodb_ecto,36249824,Elixir,master,false
lager_logger,https://github.com/PSPDFKit-labs/lager_logger,PSPDFKit-labs/lager_logger,31552159,Elixir,master,false
wechatex,https://github.com/octocandy/wechatex,octocandy/wechatex,49664690,Elixir,master,false
exdm,https://github.com/joeyates/exdm,joeyates/exdm,46670183,Elixir,master,false
tds,https://github.com/livehelpnow/tds,livehelpnow/tds,30200797,Elixir,master,false
exconstructor,https://github.com/appcues/exconstructor,appcues/exconstructor,49987921,Elixir,master,false
bgg,https://github.com/peralmq/bgg-elixir,peralmq/bgg-elixir,49911492,Elixir,master,false
mimetype_parser,https://github.com/camshaft/mimetype_parser,camshaft/mimetype_parser,28365228,Elixir,master,false
ex_closeio,https://github.com/taylorbrooks/ex_closeio,taylorbrooks/ex_closeio,46181584,Elixir,master,false
insight,https://github.com/stampery/elixir-insight,stampery/elixir-insight,49953000,Elixir,master,false
tds_ecto,https://github.com/livehelpnow/tds_ecto,livehelpnow/tds_ecto,30715294,Elixir,master,false
polyglot,https://github.com/padde/polyglot,padde/polyglot,49750539,Elixir,master,false
mandrag,https://github.com/cschiewek/mandrag,cschiewek/mandrag,46937453,Elixir,master,false
keccakf1600,https://github.com/potatosalad/erlang-keccakf1600,potatosalad/erlang-keccakf1600,50071922,C,master,false
secure_headers,https://github.com/anotherhale/secure_headers,anotherhale/secure_headers,49205324,Elixir,master,false
bureaucrat,https://github.com/api-hogs/bureaucrat,api-hogs/bureaucrat,40482680,Elixir,master,false
sshex,https://github.com/rubencaro/sshex,rubencaro/sshex,30660727,Elixir,master,false
cidr,https://github.com/c-rack/cidr-elixir,c-rack/cidr-elixir,33452437,Elixir,master,false
ex_link_header,https://github.com/simonrand/ex_link_header,simonrand/ex_link_header,49836052,Elixir,master,false
good_times,https://github.com/DevL/good_times,DevL/good_times,33777415,Elixir,master,false
bert,https://github.com/yuce/bert.erl,yuce/bert.erl,49994652,Erlang,master,false
libsodium,https://github.com/potatosalad/erlang-libsodium,potatosalad/erlang-libsodium,48864472,C,master,false
cspex,https://github.com/vidalraphael/cspex,vidalraphael/cspex,49758285,Elixir,master,false
hound,https://github.com/HashNuke/hound,HashNuke/hound,15204429,Elixir,master,false
news,https://github.com/zhongwencool/news,zhongwencool/news,49823633,Elixir,master,false
banner,https://github.com/winebarrel/elixir-sysvbanner,winebarrel/elixir-sysvbanner,49824315,Elixir,master,false
hydra,https://github.com/doomspork/hydra,doomspork/hydra,47484043,Elixir,master,false
peon,https://github.com/supernintendo/peon,supernintendo/peon,43935372,Elixir,master,false
iconv,https://github.com/processone/iconv,processone/iconv,50099119,Shell,master,false
indefinite_article,https://github.com/Buyapowa/indefinite_article,Buyapowa/indefinite_article,49874383,Elixir,master,false
nerves_io_neopixel,https://github.com/GregMefford/nerves_io_neopixel,GregMefford/nerves_io_neopixel,46594870,C,master,false
mixpanel_api_ex,https://github.com/asakura/mixpanel_api_ex,asakura/mixpanel_api_ex,49875926,Elixir,master,false
ex_statsd,https://github.com/CargoSense/ex_statsd,CargoSense/ex_statsd,24707915,Elixir,master,false
term_table,https://github.com/ske77/term_table,ske77/term_table,50123449,Elixir,master,false
mondo,https://github.com/stevedomin/mondo_elixir,stevedomin/mondo_elixir,49995126,Elixir,master,false
urilib,https://github.com/gmr/urilib,gmr/urilib,49304999,Erlang,master,false
navigation_history,https://github.com/tuvistavie/plug-navigation-history,tuvistavie/plug-navigation-history,50005648,Elixir,master,false
jolt,https://github.com/clarkware/jolt,clarkware/jolt,49978079,Elixir,master,false
sparkpost,https://github.com/SparkPost/elixir-sparkpost,SparkPost/elixir-sparkpost,47347062,Elixir,master,false
pipe_here,https://github.com/vic/pipe_here,vic/pipe_here,50121059,Elixir,master,false
crypto_ext,https://github.com/adrienmo/eredis_cluster,adrienmo/eredis_cluster,36058085,Erlang,master,false
exdn,https://github.com/psfblair/exdn,psfblair/exdn,49798883,Elixir,master,false
happy,https://github.com/vic/happy,vic/happy,49865674,Elixir,master,false
guardsafe,https://github.com/DevL/guardsafe,DevL/guardsafe,31025114,Elixir,master,false
goth,https://github.com/peburrows/goth,peburrows/goth,50007485,Elixir,master,false
murdoch,https://github.com/peburrows/murdoch,peburrows/murdoch,50158916,Elixir,master,false
emodel,https://github.com/egobrain/emodel,egobrain/emodel,48052905,Erlang,master,false
comeonin_ecto_password,https://github.com/vic/comeonin_ecto_password,vic/comeonin_ecto_password,50173560,Elixir,master,false
plug_require_header,https://github.com/DevL/plug_require_header,DevL/plug_require_header,33074375,Elixir,master,false
ezlib,https://github.com/processone/ezlib,processone/ezlib,50138669,Erlang,master,false
fakerl,https://github.com/rpip/fakerl,rpip/fakerl,16394717,Erlang,master,false
